<?xml version="1.0" encoding="UTF-8"?>
<project-private xmlns="http://www.netbeans.org/ns/project-private/1">
    <editor-bookmarks xmlns="http://www.netbeans.org/ns/editor-bookmarks/2" lastBookmarkId="0"/>
    <open-files xmlns="http://www.netbeans.org/ns/projectui-open-files/2">
        <group>
            <file>file:/C:/Users/admin/Documents/GitHub/PRJ301/Workshop_01/web/home.jsp</file>
            <file>file:/C:/Users/admin/Documents/GitHub/PRJ301/Workshop_01/web/login.jsp</file>
            <file>file:/C:/Users/admin/Documents/GitHub/PRJ301/Workshop_01/src/java/dto/UserDTO.java</file>
        </group>
    </open-files>
</project-private>
